"Country","League","Season","Date","Time","Home","Away","expected_team1_win","expected_draw","expected_team2_win","expected_team1_goals","expected_team2_goals"
"USA","MLS",2016,2016-03-06,"18:30","New York Red Bulls","Toronto FC",0.639584087017293,0.203453361646163,0.156962551336544,2.12042208284226,0.973070334336759
"USA","MLS",2016,2016-03-06,"19:00","Orlando City","Real Salt Lake",0.465280948532066,0.257847150291266,0.276871901176668,1.54603202169151,1.15518938354762
"USA","MLS",2016,2016-03-06,"19:00","Chicago Fire","New York City",0.600463391987239,0.212431122379896,0.187105485632865,2.0662131004734,1.09221467216964
"USA","MLS",2016,2016-03-06,"20:00","FC Dallas","Philadelphia Union",0.602097753455142,0.222890033067034,0.175012213477824,1.90953947668408,0.945864428246624
"USA","MLS",2016,2016-03-06,"20:00","Houston Dynamo","New England Revolution",0.428527241779296,0.265396396554318,0.306076361666386,1.43771683319426,1.19400478882754
"USA","MLS",2016,2016-03-06,"20:00","San Jose Earthquakes","Colorado Rapids",0.540418008339025,0.250327591044656,0.209254400616319,1.64267875382055,0.944115412340573
"USA","MLS",2016,2016-03-06,"21:30","Portland Timbers","Columbus Crew",0.57331214604318,0.226985437773468,0.199702416183352,1.89338223204657,1.04968829865571
"USA","MLS",2016,2016-03-06,"22:30","Vancouver Whitecaps","Montreal Impact",0.536858116431539,0.251615359081774,0.211526524486686,1.63058174521232,0.946378015342569
"USA","MLS",2016,2016-03-07,"00:00","Seattle Sounders","Sporting Kansas City",0.519348325382598,0.253811837987855,0.226839836629548,1.611428861818,0.998275021636025
"USA","MLS",2016,2016-03-07,"03:00","Los Angeles Galaxy","DC United",0.661177547355325,0.198357699582318,0.140464753062358,2.14097979055133,0.899972846393356
"USA","MLS",2016,2016-03-12,"20:00","New England Revolution","DC United",0.572154134998378,0.230163240143703,0.197682624857919,1.85100395362163,1.01529695819367
"USA","MLS",2016,2016-03-13,"00:00","Colorado Rapids","Los Angeles Galaxy",0.376139544274378,0.268149302509366,0.355711153216256,1.32910540113951,1.30372710630654
"USA","MLS",2016,2016-03-12,"21:00","Real Salt Lake","Seattle Sounders",0.414489350193743,0.272922523632256,0.312588126174,1.35584056731305,1.15999567548868
"USA","MLS",2016,2016-03-13,"00:30","Columbus Crew","Philadelphia Union",0.622558734651685,0.210218508184502,0.167222757163813,2.0581238803363,0.991009280747556
"USA","MLS",2016,2016-03-12,"21:00","Montreal Impact","New York Red Bulls",0.398450564135989,0.262712021529923,0.338837414334088,1.41131371342678,1.30068157526091
"USA","MLS",2016,2016-03-13,"01:30","Sporting Kansas City","Vancouver Whitecaps",0.479716903967321,0.265202348966205,0.255080747066474,1.49347625302503,1.0359251190836
"USA","MLS",2016,2016-03-13,"21:00","New York City","Toronto FC",0.383240279518998,0.245664010404699,0.371095710076304,1.54434538481861,1.53600924870098
"USA","MLS",2016,2016-03-20,"21:00","DC United","Colorado Rapids",0.473807085754094,0.265840547378756,0.26035236686715,1.48269233371894,1.04917143875671
"USA","MLS",2016,2016-03-20,"18:30","Philadelphia Union","New England Revolution",0.420359021410098,0.263650760627292,0.31599021796261,1.44285540131256,1.23634922260204
"USA","MLS",2016,2016-05-08,"00:30","Toronto FC","FC Dallas",0.506273127060527,0.245176488372508,0.248550384566965,1.70827305316793,1.15670431107208
"USA","MLS",2016,2016-03-12,"00:00","Orlando City","Chicago Fire",0.526810363590683,0.236566215895273,0.236623420514045,1.79694136937785,1.15335845130863
"USA","MLS",2016,2016-03-13,"01:30","Houston Dynamo","FC Dallas",0.35143106100435,0.264746723309289,0.383822215686361,1.30035930770901,1.38855880641358
"USA","MLS",2016,2016-03-13,"23:00","San Jose Earthquakes","Portland Timbers",0.381385662553773,0.269224111510292,0.349390225935935,1.33133618572015,1.28143043716471
"USA","MLS",2016,2016-03-18,"23:00","New York City","Orlando City",0.413652989802085,0.242917068454439,0.343429941743476,1.63307123504463,1.49131972294404
"USA","MLS",2016,2016-03-19,"21:00","Chicago Fire","Columbus Crew",0.440533712427641,0.243639491616369,0.31582679595599,1.66411039181494,1.39796175572926
"USA","MLS",2016,2016-03-19,"23:00","New York Red Bulls","Houston Dynamo",0.620092620256048,0.216555356650194,0.163352023093758,1.9629234431445,0.920056006705865
"USA","MLS",2016,2016-03-20,"01:00","FC Dallas","Montreal Impact",0.57265352345892,0.229881723246418,0.197464753294661,1.85812179153202,1.01947202472642
"USA","MLS",2016,2016-03-20,"02:00","Seattle Sounders","Vancouver Whitecaps",0.485467982295871,0.271649903643174,0.242882114060955,1.44206909635706,0.957082247165706
"USA","MLS",2016,2016-03-20,"02:30","Los Angeles Galaxy","San Jose Earthquakes",0.628398123338894,0.216298518547809,0.155303358113296,1.95203481399027,0.876424559799936
"USA","MLS",2016,2016-03-20,"02:30","Portland Timbers","Real Salt Lake",0.64576675786037,0.206808964313154,0.147424277826476,2.05000656032507,0.888417822581069
"USA","MLS",2016,2016-03-20,"23:00","Sporting Kansas City","Toronto FC",0.552434143270392,0.236885826450242,0.210680030279366,1.78735797173536,1.03593167552836
"USA","MLS",2016,2016-03-26,"19:00","New York City","New England Revolution",0.408126692251134,0.243852692828044,0.348020614920822,1.61582170497225,1.4960348153502
"USA","MLS",2016,2016-03-27,"03:00","Vancouver Whitecaps","Houston Dynamo",0.602683755250894,0.228679550120802,0.168636694628303,1.83604081175891,0.875065924215
"USA","MLS",2016,2016-03-26,"21:30","DC United","FC Dallas",0.361579142553854,0.2666853493319,0.371735508114246,1.3100111140718,1.34907174146256
"USA","MLS",2016,2016-04-02,"00:00","New England Revolution","New York Red Bulls",0.423973784914169,0.254286472102845,0.321739742982985,1.52450501483329,1.31396044815386
"USA","MLS",2016,2016-04-02,"22:00","Chicago Fire","Philadelphia Union",0.508608659681394,0.244026392704397,0.247364947614208,1.70530854926416,1.13681606653285
"USA","MLS",2016,2016-04-03,"03:00","Vancouver Whitecaps","Los Angeles Galaxy",0.448603148848926,0.267249465303857,0.284147385847217,1.43937783797838,1.10814615578328
"USA","MLS",2016,2016-04-03,"01:30","Sporting Kansas City","Real Salt Lake",0.553095133866243,0.243056648957137,0.20384821717662,1.70613143214125,0.955448245382414
"USA","MLS",2016,2016-04-03,"02:00","FC Dallas","Columbus Crew",0.52850618510125,0.23683022598945,0.2346635889093,1.78637763909463,1.13549831967737
"USA","MLS",2016,2016-04-03,"01:00","Colorado Rapids","Toronto FC",0.451522809282767,0.26434525833255,0.284131932384684,1.46695264106561,1.12679153102666
"USA","MLS",2016,2016-04-03,"03:00","Seattle Sounders","Montreal Impact",0.540011173452685,0.247539258160665,0.21244956838665,1.66346444518948,0.966470838888986
"USA","MLS",2016,2016-04-03,"03:30","San Jose Earthquakes","DC United",0.498294077024661,0.257877823116886,0.243828099858453,1.55862848112679,1.02956604308566
"USA","MLS",2016,2016-04-04,"01:00","Orlando City","Portland Timbers",0.351940395347712,0.258580285087692,0.389479319564596,1.34543305996186,1.44547763767061
"USA","MLS",2016,2016-04-09,"00:00","Philadelphia Union","Orlando City",0.506666576679782,0.245499435172999,0.247833988147219,1.69052913955587,1.13141841729374
"USA","MLS",2016,2016-04-09,"21:00","New England Revolution","Toronto FC",0.511971814793338,0.246473556418718,0.241554628787945,1.67886835130235,1.09804089140189
"USA","MLS",2016,2016-04-09,"22:30","DC United","Vancouver Whitecaps",0.413034878436812,0.273916707800759,0.313048413762429,1.34263682539481,1.15135200010791
"USA","MLS",2016,2016-04-09,"21:00","Montreal Impact","Columbus Crew",0.443214261015545,0.254560758367194,0.302224980617261,1.54880057586521,1.25672930679397
"USA","MLS",2016,2016-04-10,"00:00","New York Red Bulls","Sporting Kansas City",0.601540952041248,0.222615014385819,0.175844033572933,1.9077183916915,0.947526237268366
"USA","MLS",2016,2016-04-10,"02:00","FC Dallas","San Jose Earthquakes",0.601443553272676,0.226242167774674,0.17231427895265,1.86275976481886,0.906943303889819
"USA","MLS",2016,2016-04-10,"02:30","Real Salt Lake","Colorado Rapids",0.510884635903284,0.25875133949122,0.230364024605495,1.55887792864618,0.978397947977459
"USA","MLS",2016,2016-04-10,"21:00","Houston Dynamo","Seattle Sounders",0.405966802142522,0.273152501124461,0.320880696733017,1.33973522674256,1.17879100629072
"USA","MLS",2016,2016-04-11,"00:00","New York City","Chicago Fire",0.457048661750236,0.239430382966161,0.303520955283603,1.72930277539913,1.39313764995
"USA","MLS",2016,2016-04-11,"02:30","Los Angeles Galaxy","Portland Timbers",0.502075550190732,0.250519951972736,0.247404497836532,1.64897052591897,1.10533475106571
"USA","MLS",2016,2016-04-14,"01:30","Sporting Kansas City","Colorado Rapids",0.487496107054485,0.26684544249551,0.245658450450005,1.49216790500507,0.999778991707687
"USA","MLS",2016,2016-04-14,"03:30","San Jose Earthquakes","New York Red Bulls",0.354324808403967,0.265666600911289,0.380008590684744,1.30864926311029,1.38180100002208
"USA","MLS",2016,2016-04-14,"03:30","Portland Timbers","FC Dallas",0.548375041963842,0.239589568381018,0.21203538965514,1.76843874968487,1.03143257165276
"USA","MLS",2016,2016-04-16,"00:00","Houston Dynamo","Los Angeles Galaxy",0.325715308699608,0.266513300403836,0.407771390896556,1.23112325729058,1.42408863361607
"USA","MLS",2016,2016-04-16,"22:00","Chicago Fire","Montreal Impact",0.421798244206273,0.263377415177932,0.314824340615795,1.45813210399892,1.24402903775759
"USA","MLS",2016,2016-04-16,"22:00","DC United","Toronto FC",0.475603963243956,0.253816263650494,0.27057977310555,1.60653099437161,1.17213614780412
"USA","MLS",2016,2016-04-17,"00:30","Columbus Crew","New York City",0.705490451269,0.170971708264958,0.123537840466041,2.51048026927335,0.99172544634132
"USA","MLS",2016,2016-04-17,"02:00","Colorado Rapids","New York Red Bulls",0.365028827080143,0.268895871792304,0.366075301127553,1.29688207170018,1.31639238547919
"USA","MLS",2016,2016-04-17,"03:00","Real Salt Lake","Vancouver Whitecaps",0.485667184003645,0.265896390625016,0.248436425371339,1.48740376942839,1.00524868189909
"USA","MLS",2016,2016-04-17,"03:00","Seattle Sounders","Philadelphia Union",0.57931866865022,0.236396780988566,0.184284550361213,1.76846205296952,0.909266619582505
"USA","MLS",2016,2016-04-17,"03:30","Portland Timbers","San Jose Earthquakes",0.626118072751873,0.216945696718841,0.156936230529286,1.94481015602127,0.879386032076409
"USA","MLS",2016,2016-04-17,"20:30","Orlando City","New England Revolution",0.496649299627629,0.249289187998578,0.254061512373793,1.65007678787616,1.13177060870689
"USA","MLS",2016,2016-04-18,"00:00","FC Dallas","Sporting Kansas City",0.591709325495005,0.226504315758806,0.181786358746189,1.87585096301959,0.957727409088146
"USA","MLS",2016,2016-04-24,"03:30","Vancouver Whitecaps","FC Dallas",0.440320418905374,0.266739589096058,0.292939991998569,1.43512546960218,1.1425768984144
"USA","MLS",2016,2016-04-23,"22:30","DC United","New England Revolution",0.456208837921118,0.257486049695793,0.28630511238309,1.53505798244017,1.18507654600104
"USA","MLS",2016,2016-04-23,"21:00","Philadelphia Union","New York City",0.588734081022082,0.215218879117985,0.196047039859933,2.03631772063144,1.11832737939144
"USA","MLS",2016,2016-04-23,"21:00","Montreal Impact","Toronto FC",0.548643614396686,0.239778704497667,0.211577681105648,1.74696648189916,1.01561017510936
"USA","MLS",2016,2016-04-24,"00:30","Columbus Crew","Houston Dynamo",0.639126924413244,0.204415882176489,0.156457193410267,2.09877427753999,0.959679722543115
"USA","MLS",2016,2016-04-24,"02:00","Colorado Rapids","Seattle Sounders",0.394150744098327,0.283207298168147,0.322641957733526,1.24620693097052,1.11950113886955
"USA","MLS",2016,2016-04-24,"03:30","Los Angeles Galaxy","Real Salt Lake",0.633220211773546,0.215076740780088,0.151703047446367,1.94984147166118,0.858952675172373
"USA","MLS",2016,2016-04-24,"20:30","San Jose Earthquakes","Sporting Kansas City",0.469402849307778,0.262318917557584,0.268278233134638,1.50211102990457,1.09292803423338
"USA","MLS",2016,2016-04-25,"00:30","New York Red Bulls","Orlando City",0.634497199633656,0.204364818420883,0.161137981945461,2.11254072133796,0.991539250994189
"USA","MLS",2016,2016-04-28,"03:30","Vancouver Whitecaps","Sporting Kansas City",0.475491086440638,0.264248501597816,0.260260411961546,1.49202033400775,1.05654173518823
"USA","MLS",2016,2016-04-28,"00:00","New York City","Montreal Impact",0.389587781394055,0.250040712752495,0.36037150585345,1.49101287450243,1.44763503598312
"USA","MLS",2016,2016-04-28,"00:30","New England Revolution","Portland Timbers",0.422299890555177,0.257239657278626,0.320460452166197,1.48197443913676,1.28133667548292
"USA","MLS",2016,2016-04-30,"00:00","New York Red Bulls","FC Dallas",0.564266485850355,0.22545816882475,0.210275345324895,1.92275367147229,1.11866216870554
"USA","MLS",2016,2016-04-30,"21:00","New York City","Vancouver Whitecaps",0.415283698516438,0.258308771108321,0.326407530375241,1.4779593008619,1.30477435986301
"USA","MLS",2016,2016-04-30,"21:00","Seattle Sounders","Columbus Crew",0.509325055546615,0.250541072517401,0.240133871935984,1.63955770724663,1.07102264721162
"USA","MLS",2016,2016-04-30,"22:00","Chicago Fire","DC United",0.452613641519937,0.258334264873747,0.289052093606316,1.52721300922176,1.19279791046158
"USA","MLS",2016,2016-04-30,"21:00","Philadelphia Union","San Jose Earthquakes",0.482853951292131,0.260661528893715,0.256484519814154,1.53068183077847,1.06693701105476
"USA","MLS",2016,2016-04-30,"21:00","Montreal Impact","Colorado Rapids",0.523057909550211,0.256024700134554,0.220917390315235,1.58665821592222,0.960843233360719
"USA","MLS",2016,2016-05-01,"00:30","New England Revolution","Orlando City",0.56614826481831,0.228127464340153,0.205724270841537,1.88372718854843,1.07388051153033
"USA","MLS",2016,2016-05-01,"02:30","Real Salt Lake","Houston Dynamo",0.564895945844368,0.237167977462337,0.197936076693295,1.78381081765498,0.984385009136256
"USA","MLS",2016,2016-05-01,"20:30","Portland Timbers","Toronto FC",0.571593157444781,0.233187264449361,0.195219578105858,1.82637674460255,0.997074261083174
"USA","MLS",2016,2016-05-02,"01:00","Sporting Kansas City","Los Angeles Galaxy",0.402172796049493,0.267646416082824,0.330180787867683,1.38164395860097,1.25170917380214
"USA","MLS",2016,2016-05-07,"00:00","Orlando City","New York Red Bulls",0.350841212923361,0.248533183066086,0.400625604010552,1.4394103797153,1.57765032898937
"USA","MLS",2016,2016-05-07,"22:00","Vancouver Whitecaps","Portland Timbers",0.43644830286687,0.267703010914077,0.295848686219054,1.43573442877794,1.16158542073525
"USA","MLS",2016,2016-05-08,"01:30","Houston Dynamo","Sporting Kansas City",0.393356208301908,0.2718369158323,0.334806875865791,1.33837383379567,1.24036895181173
"USA","MLS",2016,2016-05-08,"00:30","Columbus Crew","Montreal Impact",0.545637086930789,0.238149129876254,0.216213783192957,1.78415100728679,1.06685171948132
"USA","MLS",2016,2016-05-08,"02:00","Colorado Rapids","Real Salt Lake",0.4960897669384,0.26340375743203,0.240506475629569,1.52297973667297,1.00726123243376
"USA","MLS",2016,2016-05-08,"03:00","Seattle Sounders","San Jose Earthquakes",0.586265217476426,0.239729816953605,0.174004965569969,1.73347391197519,0.856795739883871
"USA","MLS",2016,2016-05-08,"20:30","Los Angeles Galaxy","New England Revolution",0.610809660769448,0.222394587633769,0.166795751596782,1.91307747763205,0.920744847426521
"USA","MLS",2016,2016-05-09,"00:30","DC United","New York City",0.583130507468712,0.222376386223243,0.194493106308045,1.95933676270507,1.07622123990866
"USA","MLS",2016,2016-05-12,"03:00","Vancouver Whitecaps","Chicago Fire",0.591147486116042,0.232762321719292,0.176090192164666,1.80372734007667,0.902648993592514
"USA","MLS",2016,2016-05-12,"00:00","Philadelphia Union","Los Angeles Galaxy",0.352520952615166,0.265836800039992,0.381642247344842,1.29389749572945,1.38199315288213
"USA","MLS",2016,2016-05-12,"02:00","FC Dallas","Portland Timbers",0.508203380567281,0.241381748396933,0.250414871035786,1.74697040113422,1.19044197360279
"USA","MLS",2016,2016-05-12,"02:00","Colorado Rapids","Sporting Kansas City",0.452043096032229,0.27629942370247,0.271657480265301,1.38000767143189,1.03315759900585
"USA","MLS",2016,2016-05-12,"03:30","San Jose Earthquakes","Houston Dynamo",0.534216035868639,0.250257713367776,0.215526250763584,1.64832398845741,0.982416507588903
"USA","MLS",2016,2016-05-14,"00:00","DC United","New York Red Bulls",0.360681565580589,0.261126927926574,0.378191506492837,1.34554620839452,1.41179111358297
"USA","MLS",2016,2016-05-15,"00:30","Toronto FC","Vancouver Whitecaps",0.562200284007684,0.23807580030422,0.199723915688096,1.76392723942471,0.984071304681963
"USA","MLS",2016,2016-05-14,"22:00","Montreal Impact","Philadelphia Union",0.548992669797312,0.241543548452529,0.209463781750159,1.7320161986691,1.00708248097741
"USA","MLS",2016,2016-05-15,"19:00","Houston Dynamo","Real Salt Lake",0.447772335899554,0.263819066462615,0.288408597637831,1.48139950210566,1.16685229278556
"USA","MLS",2016,2016-05-15,"00:30","Columbus Crew","Colorado Rapids",0.554803941744636,0.240264466577311,0.204931591678053,1.74345954607819,0.994502887690262
"USA","MLS",2016,2016-05-15,"00:30","New England Revolution","Chicago Fire",0.60294262832088,0.22175268533096,0.17530468634816,1.92384848816405,0.965487581233296
"USA","MLS",2016,2016-05-15,"02:00","FC Dallas","Seattle Sounders",0.493810369744386,0.254213791756881,0.251975838498733,1.60747267954012,1.10722986963233
"USA","MLS",2016,2016-05-15,"21:00","Sporting Kansas City","Orlando City",0.5623987959914,0.236623667153427,0.200977536855173,1.7911699631081,1.00692405808083
"USA","MLS",2016,2016-05-16,"01:10","Portland Timbers","New York City",0.631438588346781,0.202715515305881,0.165845896347338,2.16202644225708,1.05252372187658
"USA","MLS",2016,2016-05-19,"00:00","Toronto FC","New York City",0.673080575504492,0.186993375489025,0.139926049006483,2.30631690025128,0.991794953679557
"USA","MLS",2016,2016-05-19,"00:30","New York Red Bulls","Chicago Fire",0.70498586384788,0.180807870164861,0.114206265987259,2.2784811502842,0.832224256783293
"USA","MLS",2016,2016-05-21,"00:00","Philadelphia Union","DC United",0.517751981087115,0.250704342738999,0.231543676173886,1.6388853684013,1.04390514284153
"USA","MLS",2016,2016-05-21,"20:00","New York City","New York Red Bulls",0.346864233696167,0.247094975792373,0.40604079051146,1.4296844008406,1.59512956296362
"USA","MLS",2016,2016-05-21,"22:00","Chicago Fire","Houston Dynamo",0.493117580343778,0.256896100122465,0.249986319533757,1.5697589820621,1.0747754808047
"USA","MLS",2016,2016-05-21,"22:00","Toronto FC","Columbus Crew",0.536331407938115,0.232607571495049,0.231061020566836,1.84486819755226,1.17206045669239
"USA","MLS",2016,2016-05-22,"00:30","Orlando City","Montreal Impact",0.42822815539328,0.253253234553682,0.318518610053037,1.54345746125802,1.33058184488473
"USA","MLS",2016,2016-05-22,"00:30","New England Revolution","FC Dallas",0.495858698925517,0.248287365464122,0.255853935610361,1.65824671321661,1.15634676418147
"USA","MLS",2016,2016-05-22,"01:30","Sporting Kansas City","Real Salt Lake",0.579910882299468,0.23527441655703,0.184814701143502,1.77677593939376,0.926615956888714
"USA","MLS",2016,2016-05-22,"03:00","Seattle Sounders","Colorado Rapids",0.52726045511647,0.263086322811428,0.209653222072102,1.51780498278005,0.88282992553149
"USA","MLS",2016,2016-05-22,"21:30","Portland Timbers","Vancouver Whitecaps",0.545712621911524,0.238805212230237,0.215482165858239,1.76105332281594,1.05030292762519
"USA","MLS",2016,2016-05-23,"00:00","Los Angeles Galaxy","San Jose Earthquakes",0.616947872659473,0.221906009815886,0.161146117524641,1.89172592339915,0.88226449212104
"USA","MLS",2016,2016-05-26,"00:30","Orlando City","Philadelphia Union",0.485717229043287,0.244473201129685,0.269809569827028,1.68378474886387,1.23292587129443
"USA","MLS",2016,2016-05-28,"02:30","Sporting Kansas City","DC United",0.5818534593111,0.234251719659437,0.183894821029463,1.77030091490321,0.917033267433621
"USA","MLS",2016,2016-05-28,"23:00","Vancouver Whitecaps","Houston Dynamo",0.565486383596833,0.234522410815613,0.199991205587554,1.78247356935609,0.994052709909714
"USA","MLS",2016,2016-05-29,"00:00","New York Red Bulls","Toronto FC",0.581952910592865,0.223902242412328,0.194144846994807,1.90284296679387,1.03850348029851
"USA","MLS",2016,2016-05-29,"00:30","Columbus Crew","Real Salt Lake",0.591434509603595,0.222162103423497,0.186403386972908,1.93412355531999,1.02383683118032
"USA","MLS",2016,2016-05-29,"00:30","New England Revolution","Seattle Sounders",0.47989156932683,0.259600439291037,0.260507991382133,1.51879011439871,1.07921527332099
"USA","MLS",2016,2016-05-29,"01:30","Chicago Fire","Portland Timbers",0.418237603746698,0.260123010447016,0.321639385806285,1.46396862537115,1.2823346417706
"USA","MLS",2016,2016-05-29,"02:00","Colorado Rapids","Philadelphia Union",0.495235576059302,0.265659650173967,0.239104773766732,1.48921843028343,0.980193971164652
"USA","MLS",2016,2016-05-29,"03:30","San Jose Earthquakes","FC Dallas",0.461085852344525,0.258650539339054,0.28026360831642,1.53020710237709,1.16723421353007
"USA","MLS",2016,2016-05-29,"21:30","New York City","Orlando City",0.479071032462491,0.233219005665165,0.287709961872344,1.82936684172313,1.40936885961171
"USA","MLS",2016,2016-05-29,"01:00","Montreal Impact","Los Angeles Galaxy",0.430016125884311,0.262519428637674,0.307464445478015,1.45959104497566,1.22387094763864
"USA","MLS",2016,2016-06-02,"00:00","Philadelphia Union","Columbus Crew",0.42583221874741,0.250403746612095,0.323764034640495,1.57317335801644,1.37627360219075
"USA","MLS",2016,2016-06-02,"01:00","DC United","Seattle Sounders",0.438706248530734,0.272976980867118,0.288316770602148,1.38658692924027,1.10291098514777
"USA","MLS",2016,2016-06-02,"03:30","Portland Timbers","San Jose Earthquakes",0.549765379196251,0.242395779073645,0.207838841730105,1.72345533510145,0.999550463810512
"USA","MLS",2016,2016-06-03,"00:00","New York City","Real Salt Lake",0.481819233604629,0.240050123837584,0.278130642557787,1.75057731594019,1.31568821005107
"USA","MLS",2016,2016-06-03,"02:00","FC Dallas","Houston Dynamo",0.61573876632304,0.218296861228818,0.165964372448142,1.94122490563059,0.934405824240161
"USA","MLS",2016,2016-06-03,"03:30","Los Angeles Galaxy","Sporting Kansas City",0.546265907095713,0.244048079604433,0.209686013299854,1.69766195917984,0.990352176681588
"USA","MLS",2016,2016-06-18,"18:00","New York City","Philadelphia Union",0.452937131579304,0.245927282244073,0.301135586176624,1.68847193626153,1.37089193080387
"USA","MLS",2016,2016-06-19,"00:30","Toronto FC","Los Angeles Galaxy",0.505908092909284,0.251766471574787,0.24232543551593,1.65217570930148,1.10203328279904
"USA","MLS",2016,2016-06-19,"00:00","Vancouver Whitecaps","New England Revolution",0.485220068861213,0.253699940835919,0.261079990302868,1.62553955101498,1.16117685355108
"USA","MLS",2016,2016-06-19,"02:00","Houston Dynamo","DC United",0.471370500351484,0.266820752232809,0.261808747415707,1.47638293282334,1.06442258546511
"USA","MLS",2016,2016-06-19,"00:30","Columbus Crew","Montreal Impact",0.569265947037783,0.225444240472194,0.205289812490023,1.95213530175748,1.1291157205996
"USA","MLS",2016,2016-06-19,"00:30","Orlando City","San Jose Earthquakes",0.460255036739091,0.25900222329758,0.280742739963329,1.5548119941166,1.19196777862319
"USA","MLS",2016,2016-06-19,"02:00","Colorado Rapids","Chicago Fire",0.542013258793236,0.259379485390348,0.198607255816416,1.55659522983496,0.867562866575585
"USA","MLS",2016,2016-06-19,"03:00","Real Salt Lake","Portland Timbers",0.415360030194255,0.257551522118482,0.327088447687263,1.50072012336664,1.33593305557642
"USA","MLS",2016,2016-06-19,"22:00","Sporting Kansas City","FC Dallas",0.531008624678266,0.251858292548233,0.217133082773501,1.63521027365288,0.988095165874046
"USA","MLS",2016,2016-06-20,"00:30","New York Red Bulls","Seattle Sounders",0.576666060915205,0.234234231944272,0.189099707140523,1.80704422233188,0.970057090820764
"USA","MLS",2016,2016-06-23,"00:00","Philadelphia Union","Chicago Fire",0.545919866742895,0.245440359419775,0.208639773837329,1.68993527371499,0.986128240131109
"USA","MLS",2016,2016-06-26,"00:00","DC United","New England Revolution",0.456358485326704,0.264429241802626,0.27921227287067,1.47801968388555,1.13332532028795
"USA","MLS",2016,2016-06-23,"03:00","Real Salt Lake","New York Red Bulls",0.328669387326433,0.251443465877149,0.419887146796419,1.34803128655604,1.58095346847669
"USA","MLS",2016,2016-06-23,"03:30","Los Angeles Galaxy","Colorado Rapids",0.556851108911927,0.250391230526884,0.192757660561189,1.62896296831367,0.884841508942581
"USA","MLS",2016,2016-06-25,"22:00","Seattle Sounders","New York City",0.655358124306614,0.197525181833449,0.147116693859937,2.18370403390436,0.977043220223164
"USA","MLS",2016,2016-06-26,"00:00","Philadelphia Union","Vancouver Whitecaps",0.500681854605015,0.247280111462755,0.252038033932229,1.67821535732659,1.16013695703342
"USA","MLS",2016,2016-06-26,"00:30","Montreal Impact","Sporting Kansas City",0.490997389800003,0.2642066355797,0.244795974620298,1.50257127371762,1.01684452542211
"USA","MLS",2016,2016-06-26,"00:30","Columbus Crew","New York Red Bulls",0.492330544124905,0.239715216541496,0.267954239333599,1.76675567773896,1.28733239846806
"USA","MLS",2016,2016-06-26,"00:30","Orlando City","Toronto FC",0.391762471619162,0.253107553058476,0.355129975322362,1.49346430707587,1.44314021860848
"USA","MLS",2016,2016-06-26,"01:00","FC Dallas","Real Salt Lake",0.62867351434269,0.210481301306334,0.160845184350976,2.06124806277748,0.984216103842752
"USA","MLS",2016,2016-06-26,"03:00","San Jose Earthquakes","Los Angeles Galaxy",0.412935666625805,0.275484466292488,0.311579867081707,1.34745694257246,1.16668088660034
"USA","MLS",2016,2016-06-26,"23:00","Portland Timbers","Houston Dynamo",0.563703616050489,0.238449998844908,0.197846385104603,1.77693394183993,0.995243855639636
"USA","MLS",2016,2016-07-02,"01:00","Chicago Fire","San Jose Earthquakes",0.455685518023145,0.274012992426688,0.270301489550167,1.41067473187541,1.05993300085207
"USA","MLS",2016,2016-07-02,"03:30","Real Salt Lake","DC United",0.464863818500117,0.263279028918302,0.271857152581581,1.51299836130774,1.1350076805946
"USA","MLS",2016,2016-07-03,"00:30","Toronto FC","Seattle Sounders",0.536145150669662,0.25033786834245,0.213516980987888,1.65959537020892,0.995289397940073
"USA","MLS",2016,2016-07-02,"22:30","Montreal Impact","New England Revolution",0.51778803462855,0.250631683951319,0.231580281420132,1.66087068016168,1.07070399845639
"USA","MLS",2016,2016-07-03,"02:00","Houston Dynamo","Philadelphia Union",0.514794838958667,0.24626972452825,0.238935436513083,1.70424093423602,1.12669084264681
"USA","MLS",2016,2016-07-03,"17:00","New York City","New York Red Bulls",0.332605037919664,0.245954160166967,0.421440801913369,1.42642737201662,1.66189413488783
"USA","MLS",2016,2016-07-04,"00:00","Sporting Kansas City","Columbus Crew",0.487495770262199,0.252276840243259,0.260227389494543,1.6319316175584,1.16690294562572
"USA","MLS",2016,2016-07-05,"02:00","FC Dallas","Orlando City",0.633389641887211,0.204487727821153,0.162122630291636,2.14594310960546,1.03718409495646
"USA","MLS",2016,2016-07-05,"02:00","Colorado Rapids","Portland Timbers",0.498292180056683,0.264580689362189,0.237127130581128,1.51210541078578,0.995684444064315
"USA","MLS",2016,2016-07-05,"03:30","Los Angeles Galaxy","Vancouver Whitecaps",0.591004944671184,0.228251972801796,0.180743082527021,1.8697217094685,0.97215756775766
"USA","MLS",2016,2016-07-07,"00:30","New England Revolution","New York City",0.587250033938571,0.217512862309073,0.195237103752355,2.04048576177263,1.13968648670644
"USA","MLS",2016,2016-07-09,"01:00","Orlando City","Houston Dynamo",0.439088409170551,0.252087478043292,0.308824112786157,1.60018720722997,1.34208384719704
"USA","MLS",2016,2016-07-09,"03:30","San Jose Earthquakes","FC Dallas",0.409269877134461,0.272505815923127,0.318224306942412,1.36732818361497,1.20660445343566
"USA","MLS",2016,2016-07-09,"20:00","Seattle Sounders","Los Angeles Galaxy",0.458289920350758,0.269349676756405,0.272360402892837,1.45262093267691,1.09352650352565
"USA","MLS",2016,2016-07-10,"00:30","Toronto FC","Chicago Fire",0.628858216298728,0.220147846822713,0.150993936878559,1.91325015219771,0.858041779311602
"USA","MLS",2016,2016-07-10,"03:00","Vancouver Whitecaps","Colorado Rapids",0.486468435601625,0.271351738548803,0.242179825849572,1.45053938497223,0.975850409368321
"USA","MLS",2016,2016-07-10,"00:00","Philadelphia Union","DC United",0.513309155467762,0.25279743775731,0.233893406774927,1.63729857139665,1.06267215226585
"USA","MLS",2016,2016-07-10,"00:30","New England Revolution","Columbus Crew",0.454960193492491,0.249142855783227,0.295896950724282,1.65012891035657,1.32571523799136
"USA","MLS",2016,2016-07-10,"03:00","Real Salt Lake","Montreal Impact",0.455873106746711,0.260481025574683,0.283645867678606,1.52906343565903,1.18794999541225
"USA","MLS",2016,2016-07-10,"23:00","New York Red Bulls","Portland Timbers",0.604099100855405,0.222129170515601,0.173771728628994,1.93586146747553,0.97632756782523
"USA","MLS",2016,2016-07-11,"01:00","Sporting Kansas City","New York City",0.613217225620696,0.213495407064837,0.173287367314467,2.05932160265062,1.04390803055408
"USA","MLS",2016,2016-07-14,"03:30","Vancouver Whitecaps","Real Salt Lake",0.541241413932712,0.241949489421589,0.216809096645699,1.77708392253297,1.08054914231168
"USA","MLS",2016,2016-07-14,"00:00","Columbus Crew","Toronto FC",0.509793002740579,0.241733574440006,0.248473422819415,1.78032610882187,1.21733306968702
"USA","MLS",2016,2016-07-14,"00:30","New York Red Bulls","Orlando City",0.729005792712191,0.168207793809063,0.102786413478746,2.45788117353124,0.859689918667376
"USA","MLS",2016,2016-07-14,"01:30","Chicago Fire","Sporting Kansas City",0.375366904891387,0.28323586092386,0.341397234184753,1.24786447594922,1.20516277447215
"USA","MLS",2016,2016-07-14,"03:30","Seattle Sounders","FC Dallas",0.464424665576207,0.266129252738603,0.26944608168519,1.50752004560542,1.1217952693423
"USA","MLS",2016,2016-07-14,"03:30","Portland Timbers","Montreal Impact",0.521088764390539,0.254193324477331,0.22471791113213,1.64381158977874,1.03146299624381
"USA","MLS",2016,2016-07-16,"04:00","Los Angeles Galaxy","Houston Dynamo",0.565167149791615,0.24283084514806,0.192002005060325,1.74831231932905,0.954879517025411
"USA","MLS",2016,2016-07-17,"03:00","Vancouver Whitecaps","Orlando City",0.61883608524804,0.213315108729989,0.167848806021972,2.06999648824605,1.02253480877592
"USA","MLS",2016,2016-07-17,"00:30","Columbus Crew","DC United",0.635594395463797,0.210727827501417,0.153677777034786,2.06569332276691,0.951815419272487
"USA","MLS",2016,2016-07-17,"02:00","FC Dallas","Chicago Fire",0.638662469584683,0.218485613341814,0.142851917073502,1.93562405323348,0.828232041800482
"USA","MLS",2016,2016-07-17,"02:00","Colorado Rapids","Sporting Kansas City",0.448580678405908,0.285247372311057,0.266171949283035,1.33819393143801,0.99417433664808
"USA","MLS",2016,2016-07-17,"03:00","Real Salt Lake","New England Revolution",0.501282366119592,0.249306379419075,0.249411254461333,1.70015307419945,1.16641794024688
"USA","MLS",2016,2016-07-17,"03:30","San Jose Earthquakes","Toronto FC",0.431109753617166,0.272651233546746,0.296239012836088,1.41900091121682,1.16054435925352
"USA","MLS",2016,2016-07-17,"20:00","Portland Timbers","Seattle Sounders",0.469612331271012,0.266454815934373,0.263932852794615,1.51016238271999,1.09899944856431
"USA","MLS",2016,2016-07-17,"22:00","Montreal Impact","New York City",0.584129973186521,0.224955929851631,0.190914096961847,1.96129721724365,1.07139683480961
"USA","MLS",2016,2016-07-18,"00:00","Philadelphia Union","New York Red Bulls",0.357608811481154,0.266503792340002,0.375887396178844,1.34041894661476,1.40500119733694
"USA","MLS",2016,2016-07-23,"04:00","Real Salt Lake","San Jose Earthquakes",0.496216785966566,0.259346760439772,0.244436453593662,1.58829615542663,1.07114738193089
"USA","MLS",2016,2016-07-23,"20:30","Portland Timbers","Los Angeles Galaxy",0.451423378497453,0.262859662350362,0.285716959152186,1.52679603479574,1.1937011365684
"USA","MLS",2016,2016-07-24,"00:30","Toronto FC","DC United",0.621944540275607,0.224517491860479,0.153537967863913,1.88858638743115,0.853572315239937
"USA","MLS",2016,2016-07-24,"02:30","Houston Dynamo","Vancouver Whitecaps",0.508025589702617,0.256616465190535,0.235357945106848,1.61432423271002,1.05133515634118
"USA","MLS",2016,2016-07-24,"00:30","Montreal Impact","Philadelphia Union",0.540523771947537,0.244588504188253,0.214887723864211,1.74366016402083,1.04618138389665
"USA","MLS",2016,2016-07-24,"00:30","Columbus Crew","Orlando City",0.670122692632822,0.186933211173948,0.14294409619323,2.38498687262812,1.0607293737233
"USA","MLS",2016,2016-07-24,"00:30","New England Revolution","Chicago Fire",0.565525354237495,0.244077441034467,0.190397204728038,1.73035511071649,0.933429125523617
"USA","MLS",2016,2016-07-24,"02:00","Colorado Rapids","FC Dallas",0.448189621336382,0.280110831232801,0.271699547430817,1.37115408744937,1.03424663598573
"USA","MLS",2016,2016-07-24,"18:00","New York Red Bulls","New York City",0.67292305800405,0.190997591374516,0.136079350621435,2.27964738453098,0.966635600079235
"USA","MLS",2016,2016-07-24,"20:00","Sporting Kansas City","Seattle Sounders",0.49736913121854,0.266388333569973,0.236242535211487,1.51739981626879,0.994119995980808
"USA","MLS",2016,2016-07-30,"20:00","New York City","Colorado Rapids",0.451028219708263,0.265046250869206,0.283925529422531,1.5041417901224,1.17322359778214
"USA","MLS",2016,2016-07-31,"19:00","Sporting Kansas City","Portland Timbers",0.571366414479927,0.239360837466216,0.189272748053856,1.7763155085948,0.956327125832563
"USA","MLS",2016,2016-07-31,"21:00","Seattle Sounders","Los Angeles Galaxy",0.476332050816539,0.265364715683007,0.258303233500454,1.51744938302675,1.08133687578286
"USA","MLS",2016,2016-08-01,"00:30","Toronto FC","Columbus Crew",0.570774372504564,0.226510548584016,0.202715078911421,1.95039290913385,1.11964469773293
"USA","MLS",2016,2016-08-01,"00:00","Philadelphia Union","Real Salt Lake",0.507035648470487,0.246722946421662,0.246241405107851,1.72297524483994,1.16773001853952
"USA","MLS",2016,2016-08-01,"02:00","Houston Dynamo","San Jose Earthquakes",0.52003383352989,0.260863688457338,0.219102478012773,1.5761552309757,0.964498117102827
"USA","MLS",2016,2016-07-31,"23:30","DC United","Montreal Impact",0.419229898072838,0.279335179036877,0.301434922890285,1.34335308452061,1.12580039272486
"USA","MLS",2016,2016-08-01,"00:00","Chicago Fire","New York Red Bulls",0.328727387038635,0.276955960858206,0.394316652103159,1.18452322289757,1.34531099585387
"USA","MLS",2016,2016-07-31,"23:00","FC Dallas","Vancouver Whitecaps",0.610938735731715,0.222762184927626,0.166299079340659,1.93388415816794,0.939662329589166
"USA","MLS",2016,2016-08-01,"00:30","Orlando City","New England Revolution",0.459231046838065,0.247789090263238,0.292979862898697,1.68886556269909,1.34023952097459
"USA","MLS",2016,2016-08-04,"00:00","Toronto FC","Real Salt Lake",0.62205191876172,0.218742000978101,0.159206080260179,1.97586203593514,0.929320035856381
"USA","MLS",2016,2016-08-06,"04:00","San Jose Earthquakes","New York City",0.529229127005725,0.241201603713581,0.229569269280694,1.79567966105315,1.14394864525892
"USA","MLS",2016,2016-08-07,"00:30","Toronto FC","New England Revolution",0.619804863976032,0.21854804209163,0.161647093932339,1.98508013090364,0.945417503801767
"USA","MLS",2016,2016-08-07,"00:30","Montreal Impact","Houston Dynamo",0.519971906482836,0.260400100249774,0.21962799326739,1.58293839041641,0.970298844482702
"USA","MLS",2016,2016-08-07,"00:00","DC United","Philadelphia Union",0.486591311143101,0.259330464578471,0.254078224278428,1.58943358576255,1.11242188196301
"USA","MLS",2016,2016-08-07,"02:00","Colorado Rapids","Vancouver Whitecaps",0.521313220846834,0.267034942027519,0.211651837125647,1.52314408632878,0.905243986233962
"USA","MLS",2016,2016-08-07,"03:00","Real Salt Lake","Chicago Fire",0.555992447576088,0.24830629629871,0.195701256125202,1.69817506717248,0.941708314357693
"USA","MLS",2016,2016-08-07,"21:00","Portland Timbers","Sporting Kansas City",0.44915626057712,0.268591454556977,0.282252284865903,1.47907349377058,1.1507253782428
"USA","MLS",2016,2016-08-08,"00:00","Orlando City","Seattle Sounders",0.380659688068958,0.261178646370456,0.358161665560586,1.44452718869042,1.42116310819766
"USA","MLS",2016,2016-08-08,"02:30","Los Angeles Galaxy","New York Red Bulls",0.452448240641446,0.265146235032696,0.282405524325858,1.51790959368757,1.17908998288155
"USA","MLS",2016,2016-08-13,"04:00","Vancouver Whitecaps","San Jose Earthquakes",0.476960321996326,0.268250333545576,0.254789344458098,1.51230396165189,1.06765605784449
"USA","MLS",2016,2016-08-15,"02:15","Houston Dynamo","Toronto FC",0.412861732688031,0.274819809608662,0.312318457703306,1.39042077878667,1.20585332450792
"USA","MLS",2016,2016-08-14,"00:00","New York Red Bulls","Montreal Impact",0.621600766769721,0.221725275800946,0.156673957429333,1.94863950153433,0.904463276982575
"USA","MLS",2016,2016-08-14,"01:00","DC United","Portland Timbers",0.422894645495178,0.27104531975798,0.306060034746842,1.43207414383909,1.21028387057958
"USA","MLS",2016,2016-08-14,"00:30","Columbus Crew","New York City",0.60041785867534,0.21102732839594,0.188554812928721,2.17111059602539,1.18822141749784
"USA","MLS",2016,2016-08-14,"00:30","New England Revolution","Philadelphia Union",0.540606999299709,0.239236132947049,0.220156867753242,1.83036574784897,1.12758452831281
"USA","MLS",2016,2016-08-14,"02:00","FC Dallas","Sporting Kansas City",0.499528883580903,0.267450214093512,0.233020902325585,1.52367634885357,0.990077929687559
"USA","MLS",2016,2016-08-14,"03:30","Los Angeles Galaxy","Colorado Rapids",0.515851498139859,0.268291279798712,0.215857222061429,1.51747365365957,0.919308733945488
"USA","MLS",2016,2016-08-14,"21:00","Chicago Fire","Orlando City",0.522214461284201,0.247806248861095,0.229979289854705,1.72788457278701,1.10567024898048
"USA","MLS",2016,2016-08-15,"00:00","Seattle Sounders","Real Salt Lake",0.597236960908625,0.230128552228372,0.172634486863003,1.87680101607955,0.941194695827507
"USA","MLS",2016,2016-08-20,"04:00","San Jose Earthquakes","Houston Dynamo",0.508573816964499,0.263281736787639,0.228144446247862,1.57060301235098,1.00342752983267
"USA","MLS",2016,2016-08-20,"20:30","New York City","Los Angeles Galaxy",0.440463150842974,0.256030469699164,0.303506379457862,1.60560968444654,1.33056539284362
"USA","MLS",2016,2016-08-21,"00:00","Philadelphia Union","Toronto FC",0.400285086803062,0.264755657514906,0.334959255682031,1.46009809137577,1.34704700801296
"USA","MLS",2016,2016-08-21,"00:30","Montreal Impact","Chicago Fire",0.579780813057402,0.242920016582992,0.177299170359606,1.74838741036897,0.895281202601997
"USA","MLS",2016,2016-08-21,"00:30","New England Revolution","Columbus Crew",0.459515792743022,0.251655650946002,0.288828556310976,1.67298973353842,1.31905735558329
"USA","MLS",2016,2016-08-21,"03:00","Sporting Kansas City","Vancouver Whitecaps",0.617637047727608,0.227844450182532,0.154518502089861,1.87524189138863,0.859363236361847
"USA","MLS",2016,2016-08-21,"02:00","Colorado Rapids","Orlando City",0.59605486343818,0.232151332162909,0.17179380439891,1.86028670267954,0.931581188302578
"USA","MLS",2016,2016-08-21,"03:00","Real Salt Lake","FC Dallas",0.387832142535946,0.273273244061669,0.338894613402384,1.36470416106413,1.28857084073183
"USA","MLS",2016,2016-08-21,"20:00","DC United","New York Red Bulls",0.33865273260577,0.27309453565352,0.388252731740711,1.25877059390326,1.39130126391999
"USA","MLS",2016,2016-08-22,"02:30","Seattle Sounders","Portland Timbers",0.572615780345952,0.238052122911984,0.189332096742064,1.81993126653989,0.988828694722564
"USA","MLS",2016,2016-08-25,"02:00","Houston Dynamo","Seattle Sounders",0.391711054680495,0.27817597082655,0.330112974492954,1.33660348364088,1.23365545245909
"USA","MLS",2016,2016-08-25,"00:30","Montreal Impact","DC United",0.52937690175547,0.254994137109502,0.215628961135028,1.65391114040187,1.0033560012182
"USA","MLS",2016,2016-08-25,"00:30","Columbus Crew","Philadelphia Union",0.582324380981755,0.224088267013988,0.193587352004257,2.00126673961182,1.11466530469562
"USA","MLS",2016,2016-08-25,"00:30","Orlando City","Toronto FC",0.337999112529985,0.255822564283534,0.406178323186481,1.4005806506133,1.58289537657743
"USA","MLS",2016,2016-08-25,"01:30","Chicago Fire","Los Angeles Galaxy",0.398722389506595,0.281115354668832,0.320162255824572,1.3256132646233,1.18845628888078
"USA","MLS",2016,2016-08-25,"03:30","San Jose Earthquakes","New England Revolution",0.540132688695068,0.24912896656812,0.210738344736812,1.71788208486352,1.02050258720155
"USA","MLS",2016,2016-08-27,"01:00","Real Salt Lake","Colorado Rapids",0.454000582397764,0.284534116905472,0.261465300696764,1.37062438454231,1.0037855774188
"USA","MLS",2016,2016-08-28,"00:30","Toronto FC","Montreal Impact",0.597172148438089,0.23044127418032,0.172386577381591,1.89092976563929,0.950548757745949
"USA","MLS",2016,2016-08-28,"00:00","Philadelphia Union","Sporting Kansas City",0.405537413761501,0.271278849028463,0.323183737210036,1.42088658453186,1.27095110540219
"USA","MLS",2016,2016-08-28,"00:00","DC United","Chicago Fire",0.496193460285227,0.266176313970909,0.237630225743864,1.55071043442853,1.0279903313156
"USA","MLS",2016,2016-08-28,"02:00","Houston Dynamo","FC Dallas",0.364747456410402,0.281649475006791,0.353603068582806,1.26203200813198,1.26394219215789
"USA","MLS",2016,2016-08-28,"00:30","Columbus Crew","San Jose Earthquakes",0.542760018336047,0.245585201692196,0.211654779971756,1.76302757375972,1.05200035086464
"USA","MLS",2016,2016-08-28,"03:30","Los Angeles Galaxy","Vancouver Whitecaps",0.581274441974094,0.23630594207823,0.182419615947677,1.83648397828991,0.965846009268562
"USA","MLS",2016,2016-08-28,"19:30","New York Red Bulls","New England Revolution",0.662322729372351,0.202816714870817,0.134860555756832,2.13822693126593,0.894570572409659
"USA","MLS",2016,2016-08-28,"22:00","Portland Timbers","Seattle Sounders",0.440302329773837,0.266465081240035,0.293232588986128,1.50924585242018,1.21873472215494
"USA","MLS",2016,2016-08-29,"00:00","Orlando City","New York City",0.457081008646879,0.241586735602415,0.301332255750707,1.80285550262417,1.46627382041075
"USA","MLS",2016,2016-09-02,"00:00","New York City","DC United",0.52439975476471,0.241829394141326,0.233770851093965,1.82188014360206,1.18784674402328
"USA","MLS",2016,2016-09-04,"00:00","Vancouver Whitecaps","New York Red Bulls",0.351125364775787,0.275461516324629,0.373413118899584,1.29142616409412,1.36504051738689
"USA","MLS",2016,2016-09-04,"00:30","New England Revolution","Colorado Rapids",0.47969120648656,0.279026280198667,0.241282513314773,1.44114325123189,0.977023741622686
"USA","MLS",2016,2016-09-04,"01:30","Chicago Fire","Philadelphia Union",0.471150172286261,0.262797868457445,0.266051959256293,1.5827742089337,1.16477933506887
"USA","MLS",2016,2016-09-04,"02:00","FC Dallas","Portland Timbers",0.598427805359516,0.229435166441213,0.172137028199271,1.91232623862616,0.964062522921052
"USA","MLS",2016,2016-09-04,"03:30","Los Angeles Galaxy","Columbus Crew",0.508451803407948,0.25041443844705,0.241133758145002,1.72837743632747,1.15902035199648
"USA","MLS",2016,2016-09-08,"00:30","Montreal Impact","Orlando City",0.620046030839695,0.216706296213542,0.163247672946762,2.05151668680888,0.998641208683692
"USA","MLS",2016,2016-09-08,"02:30","Real Salt Lake","Los Angeles Galaxy",0.488504771478766,0.260818156525114,0.25067707199612,1.6037141557903,1.11709936341932
"USA","MLS",2016,2016-09-10,"01:00","Sporting Kansas City","Houston Dynamo",0.608747359383602,0.232686597920601,0.158566042695797,1.85390204841733,0.872203187534108
"USA","MLS",2016,2016-09-11,"00:00","Philadelphia Union","Montreal Impact",0.483495684319252,0.260701472973913,0.255802842706835,1.6164144990452,1.14927615652484
"USA","MLS",2016,2016-09-10,"23:00","Columbus Crew","Vancouver Whitecaps",0.586709246447844,0.231693418150814,0.181597335401342,1.90972976236713,1.00994356105954
"USA","MLS",2016,2016-09-11,"01:00","New England Revolution","New York City",0.534995326862519,0.240355268190134,0.224649404947347,1.85978751634952,1.17765534435816
"USA","MLS",2016,2016-09-11,"01:30","Chicago Fire","Toronto FC",0.362990257447183,0.278332401664407,0.35867734088841,1.30276557885625,1.3230259328456
"USA","MLS",2016,2016-09-11,"02:00","FC Dallas","Colorado Rapids",0.586571150099096,0.251359920096455,0.16206892980445,1.67387050728536,0.796258742906136
"USA","MLS",2016,2016-09-11,"03:30","San Jose Earthquakes","Seattle Sounders",0.413622844755433,0.282442528167289,0.303934627077277,1.3601898971031,1.16136792046662
"USA","MLS",2016,2016-09-11,"03:30","Portland Timbers","Real Salt Lake",0.528140954404466,0.246452468723591,0.225406576871943,1.78495521139539,1.1333814226461
"USA","MLS",2016,2016-09-11,"18:00","New York Red Bulls","DC United",0.661275231759249,0.204645690019376,0.134079078221376,2.13880263962101,0.898839262662889
"USA","MLS",2016,2016-09-12,"00:00","Los Angeles Galaxy","Orlando City",0.625372326941772,0.21265629466891,0.161971378389318,2.12507927186633,1.03771696847782
"USA","MLS",2016,2016-09-17,"01:00","Chicago Fire","DC United",0.487663336053038,0.262640720255168,0.249695943691794,1.60233020549052,1.11692609360886
"USA","MLS",2016,2016-09-17,"21:00","Seattle Sounders","Vancouver Whitecaps",0.597709402100682,0.235029215433889,0.167261382465429,1.84971473232043,0.911724825802775
"USA","MLS",2016,2016-09-18,"00:00","New York City","FC Dallas",0.35072387200659,0.262451970515046,0.386824157478363,1.40345696050683,1.51463845638668
"USA","MLS",2016,2016-09-17,"23:00","Portland Timbers","Philadelphia Union",0.557484911469659,0.236361157660209,0.206153930870132,1.89162597351455,1.11372109868886
"USA","MLS",2016,2016-09-18,"00:30","Montreal Impact","New England Revolution",0.530588404265979,0.251065171653163,0.218346424080857,1.72624796105183,1.06577332326482
"USA","MLS",2016,2016-09-18,"00:30","Orlando City","Columbus Crew",0.398371810822393,0.253553017921492,0.348075171256115,1.6000298849807,1.51733062349867
"USA","MLS",2016,2016-09-18,"02:00","Colorado Rapids","San Jose Earthquakes",0.499814926802591,0.283886498616087,0.216298574581322,1.41759240490248,0.874044940421997
"USA","MLS",2016,2016-09-18,"02:30","Real Salt Lake","Houston Dynamo",0.536473215572495,0.253321904150397,0.210204880277107,1.70157791195883,1.01821525623335
"USA","MLS",2016,2016-09-18,"19:00","Sporting Kansas City","Los Angeles Galaxy",0.534762441267534,0.254812701160643,0.210424857571823,1.68581718046144,1.0096536845208
"USA","MLS",2016,2016-09-18,"22:00","Toronto FC","New York Red Bulls",0.485341642904501,0.260464475659185,0.254193881436315,1.62811957348866,1.15428092130174
"USA","MLS",2016,2016-09-24,"01:00","New York City","Chicago Fire",0.507400665608098,0.247525277260537,0.245074057131365,1.78609905950095,1.22212494311713
"USA","MLS",2016,2016-09-24,"22:00","Toronto FC","Philadelphia Union",0.633327127757996,0.21424926362585,0.152423608616154,2.08248199087976,0.968225145897599
"USA","MLS",2016,2016-09-25,"00:00","Vancouver Whitecaps","Colorado Rapids",0.476695007589366,0.286325906379414,0.23697908603122,1.39510865364869,0.938689567320512
"USA","MLS",2016,2016-09-25,"00:00","New York Red Bulls","Montreal Impact",0.607996358530216,0.226251954464017,0.165751687005768,1.96189357295205,0.968938480270238
"USA","MLS",2016,2016-09-25,"00:00","DC United","Orlando City",0.61272559801146,0.215092827135947,0.172181574852592,2.12968450678208,1.09511379672235
"USA","MLS",2016,2016-09-25,"02:00","Houston Dynamo","Portland Timbers",0.471444397844089,0.263059678388438,0.265495923767473,1.60152936002904,1.18284733714724
"USA","MLS",2016,2016-09-25,"02:30","Real Salt Lake","FC Dallas",0.402341732721378,0.277825686650399,0.319832580628223,1.38813419598861,1.24381301845892
"USA","MLS",2016,2016-09-25,"03:30","San Jose Earthquakes","Sporting Kansas City",0.423129072541875,0.285087264278655,0.291783663179471,1.35953343269719,1.11784603129061
"USA","MLS",2016,2016-09-25,"21:00","Los Angeles Galaxy","Seattle Sounders",0.440106991823944,0.273319149616795,0.286573858559262,1.47709092467728,1.18039063327967
"USA","MLS",2016,2016-09-26,"00:00","Columbus Crew","New England Revolution",0.555435667885497,0.235779814887171,0.208784517227332,1.91467004847977,1.14243907697699
"USA","MLS",2016,2016-09-29,"00:30","Montreal Impact","San Jose Earthquakes",0.531143367721655,0.261182371093096,0.207674261185249,1.62086790855982,0.958150974710664
"USA","MLS",2016,2016-09-29,"00:30","Toronto FC","Orlando City",0.701052994853352,0.181618665709272,0.117328339437377,2.40947311687435,0.938041127339612
"USA","MLS",2016,2016-09-29,"00:30","DC United","Columbus Crew",0.448782875549878,0.258675646880158,0.292541477569964,1.62298021822016,1.30633440139917
"USA","MLS",2016,2016-09-29,"03:30","Seattle Sounders","Chicago Fire",0.635538815490143,0.217363215738161,0.147097968771696,2.01993893561247,0.905584034901891
"USA","MLS",2016,2016-10-01,"01:00","Houston Dynamo","New York City",0.563285814378224,0.231301400601074,0.205412785020702,1.95933131904416,1.15274994033629
"USA","MLS",2016,2016-10-02,"00:30","Toronto FC","DC United",0.598612295579008,0.229779653936718,0.171608050484273,1.92302896001738,0.973098798952312
"USA","MLS",2016,2016-10-02,"00:00","New York Red Bulls","Philadelphia Union",0.65247465994529,0.205874401496457,0.141650938558252,2.15268082337183,0.946806974707491
"USA","MLS",2016,2016-10-02,"00:30","Columbus Crew","Chicago Fire",0.618338448820963,0.218415765948351,0.163245785230687,2.04925789525245,1.00247960075983
"USA","MLS",2016,2016-10-02,"00:30","New England Revolution","Sporting Kansas City",0.451175826864482,0.267768914222045,0.281055258913473,1.53115841585229,1.19528589467809
"USA","MLS",2016,2016-10-02,"02:00","FC Dallas","Los Angeles Galaxy",0.604812651902114,0.22990887488207,0.165278473215816,1.90419522257553,0.931102000901483
"USA","MLS",2016,2016-10-02,"02:00","Colorado Rapids","Portland Timbers",0.469226021206983,0.27664141355737,0.254132565235647,1.46144441363582,1.04186895969363
"USA","MLS",2016,2016-10-02,"03:30","San Jose Earthquakes","Real Salt Lake",0.481697601366048,0.271621826573717,0.246680572060235,1.51237977352743,1.04590987495881
"USA","MLS",2016,2016-10-02,"18:00","Orlando City","Montreal Impact",0.412727448247413,0.260245065111972,0.327027486640615,1.55246756560095,1.39318178804166
"USA","MLS",2016,2016-10-03,"01:00","Vancouver Whitecaps","Seattle Sounders",0.407996722235078,0.277984068671506,0.314019209093417,1.38089100271773,1.21165470682742
"USA","MLS",2016,2016-10-09,"01:30","Houston Dynamo","Colorado Rapids",0.463187165640369,0.290723728391082,0.246089105968549,1.34573410535629,0.937405872217261
"USA","MLS",2016,2016-10-13,"03:30","Seattle Sounders","Houston Dynamo",0.609129612440052,0.231737147016354,0.159133240543594,1.86852223106227,0.881341179308165
"USA","MLS",2016,2016-10-14,"01:30","Chicago Fire","Columbus Crew",0.404521812941111,0.267011423980039,0.32846676307885,1.47544817994882,1.33816301635499
"USA","MLS",2016,2016-10-14,"02:00","Colorado Rapids","San Jose Earthquakes",0.49197126639469,0.289560382572645,0.218468351032664,1.36949616989253,0.850310803223357
"USA","MLS",2016,2016-10-16,"20:00","DC United","New York City",0.533222333501501,0.235816884637915,0.230960781860584,1.92380147195941,1.24516406793351
"USA","MLS",2016,2016-10-16,"20:00","New York Red Bulls","Columbus Crew",0.596344368228046,0.224261709789814,0.17939392198214,2.00922138922459,1.05646072187885
"USA","MLS",2016,2016-10-16,"20:00","Chicago Fire","New England Revolution",0.452214855491747,0.263306067770919,0.284479076737333,1.57673127278265,1.23833805894236
"USA","MLS",2016,2016-10-16,"20:00","Montreal Impact","Toronto FC",0.426436171228243,0.270846912252322,0.302716916519434,1.47621947604059,1.23875252238745
"USA","MLS",2016,2016-10-16,"20:00","Philadelphia Union","Orlando City",0.571486480681375,0.226853073940145,0.20166044537848,2.01487414980623,1.16654409849927
"USA","MLS",2016,2016-10-16,"22:00","FC Dallas","Seattle Sounders",0.548776530344304,0.250952820188844,0.200270649466852,1.71938590619323,0.982944551270306
"USA","MLS",2016,2016-10-16,"22:00","Houston Dynamo","Los Angeles Galaxy",0.469403425760493,0.267872175682243,0.262724398557264,1.54494869883367,1.12961273925482
"USA","MLS",2016,2016-10-16,"22:00","Real Salt Lake","Sporting Kansas City",0.461018296480476,0.271905946784267,0.267075756735257,1.50158658807151,1.11760036443639
"USA","MLS",2016,2016-10-16,"22:00","San Jose Earthquakes","Vancouver Whitecaps",0.487510420868358,0.272322262963145,0.240167316168498,1.51212787398313,1.01958427729429
"USA","MLS",2016,2016-10-16,"22:00","Portland Timbers","Colorado Rapids",0.500352392867792,0.273752587042659,0.225895020089549,1.50249747389704,0.958044314884485
"USA","MLS",2016,2016-10-23,"21:00","Sporting Kansas City","San Jose Earthquakes",0.558247562195315,0.254638468414022,0.187113969390663,1.67081194052102,0.899956673635164
"USA","MLS",2016,2016-10-23,"21:00","Toronto FC","Chicago Fire",0.655874470109707,0.207909993284126,0.136215536606167,2.10311166694755,0.890656182777105
"USA","MLS",2016,2016-10-23,"21:00","Vancouver Whitecaps","Portland Timbers",0.471459827026083,0.266466144122553,0.262074028851364,1.55949737730381,1.13750256091352
"USA","MLS",2016,2016-10-23,"21:00","Los Angeles Galaxy","FC Dallas",0.409941000980182,0.273092285480589,0.316966713539228,1.43274024017496,1.26293223538848
"USA","MLS",2016,2016-10-23,"21:00","Orlando City","DC United",0.479967399353329,0.251390529636734,0.268642071009937,1.72550604125415,1.27778423331609
"USA","MLS",2016,2016-10-23,"21:00","New England Revolution","Montreal Impact",0.516506396737227,0.250173631149249,0.233319972113524,1.74419023292841,1.14013228507938
"USA","MLS",2016,2016-10-23,"21:00","Seattle Sounders","Real Salt Lake",0.574739582415375,0.2438935662276,0.181366851357025,1.77603963383565,0.93393283494564
"USA","MLS",2016,2016-10-23,"21:00","Philadelphia Union","New York Red Bulls",0.350617924321472,0.263983922536406,0.385398153142122,1.39234382933355,1.49910765034611
"USA","MLS",2016,2016-10-23,"21:00","Colorado Rapids","Houston Dynamo",0.53973176444674,0.272330071017305,0.187938164535954,1.51021315503142,0.81493046562043
"USA","MLS",2016,2016-10-23,"21:00","New York City","Columbus Crew",0.452345404362337,0.244862894107769,0.302791701529895,1.78557776337622,1.46739497758644
